normalized_url,normalized_path,route_family,last_crawled,gsc_submitted,gsc_indexed,indexed_not_submitted,variant_count,clicks,impressions,ctr,position,source_file_exists,current_http_status,current_canonical,target_pillar_id,target_topic,search_intent,migration_action,target_url,redirect_required,evidence_status,publication_status,notes,numeric_class,proposed_base_path,base_family_indexed_count,mapping_notes
https://www.mcpserver.in/glossary/mcp-alert-manager-68,/glossary/mcp-alert-manager-68,/glossary,2026-08-03,True,True,False,1,0.0,0.0,0.0,0.0,,,,,,,UNRESOLVED,,,,,,GENERATED_NUMERIC_SUFFIX,/glossary/mcp-alert-manager,1,Legacy generated numeric suffix; requires semantic successor decision.
https://www.mcpserver.in/glossary/mcp-analytics-platform-11,/glossary/mcp-analytics-platform-11,/glossary,2026-08-03,True,True,False,1,0.0,0.0,0.0,0.0,,,,,,,UNRESOLVED,,,,,,GENERATED_NUMERIC_SUFFIX,/glossary/mcp-analytics-platform,1,Legacy generated numeric suffix; requires semantic successor decision.
https://www.mcpserver.in/glossary/mcp-api-client-78,/glossary/mcp-api-client-78,/glossary,2026-08-03,True,True,False,1,0.0,0.0,0.0,0.0,,,,,,,UNRESOLVED,,,,,,GENERATED_NUMERIC_SUFFIX,/glossary/mcp-api-client,1,Legacy generated numeric suffix; requires semantic successor decision.
https://www.mcpserver.in/glossary/mcp-api-gateway-14,/glossary/mcp-api-gateway-14,/glossary,2026-08-03,True,True,False,1,0.0,0.0,0.0,0.0,,,,,,,UNRESOLVED,,,,,,GENERATED_NUMERIC_SUFFIX,/glossary/mcp-api-gateway,2,Legacy generated numeric suffix; requires semantic successor decision.
https://www.mcpserver.in/glossary/mcp-api-gateway-140,/glossary/mcp-api-gateway-140,/glossary,2026-08-03,False,True,True,1,0.0,0.0,0.0,0.0,,,,,,,UNRESOLVED,,,,,,GENERATED_NUMERIC_SUFFIX,/glossary/mcp-api-gateway,2,Legacy generated numeric suffix; requires semantic successor decision.
https://www.mcpserver.in/glossary/mcp-async-validator-124,/glossary/mcp-async-validator-124,/glossary,2026-08-03,False,True,True,1,0.0,0.0,0.0,0.0,,,,,,,UNRESOLVED,,,,,,GENERATED_NUMERIC_SUFFIX,/glossary/mcp-async-validator,1,Legacy generated numeric suffix; requires semantic successor decision.
https://www.mcpserver.in/glossary/mcp-audit-logger-103,/glossary/mcp-audit-logger-103,/glossary,2026-08-03,True,True,False,1,0.0,0.0,0.0,0.0,,,,,,,UNRESOLVED,,,,,,GENERATED_NUMERIC_SUFFIX,/glossary/mcp-audit-logger,1,Legacy generated numeric suffix; requires semantic successor decision.
https://www.mcpserver.in/glossary/mcp-auth-provider-18,/glossary/mcp-auth-provider-18,/glossary,2026-08-03,True,True,False,1,0.0,0.0,0.0,0.0,,,,,,,UNRESOLVED,,,,,,GENERATED_NUMERIC_SUFFIX,/glossary/mcp-auth-provider,1,Legacy generated numeric suffix; requires semantic successor decision.
https://www.mcpserver.in/glossary/mcp-auto-scaling-0,/glossary/mcp-auto-scaling-0,/glossary,2026-07-21,True,True,False,1,0.0,0.0,0.0,0.0,,,,,,,UNRESOLVED,,,,,,GENERATED_NUMERIC_SUFFIX,/glossary/mcp-auto-scaling,1,Legacy generated numeric suffix; requires semantic successor decision.
https://www.mcpserver.in/glossary/mcp-batch-processing-34,/glossary/mcp-batch-processing-34,/glossary,2026-08-03,True,True,False,1,0.0,0.0,0.0,0.0,,,,,,,UNRESOLVED,,,,,,GENERATED_NUMERIC_SUFFIX,/glossary/mcp-batch-processing,1,Legacy generated numeric suffix; requires semantic successor decision.
https://www.mcpserver.in/glossary/mcp-block-storage-22,/glossary/mcp-block-storage-22,/glossary,2026-08-03,True,True,False,1,0.0,0.0,0.0,0.0,,,,,,,UNRESOLVED,,,,,,GENERATED_NUMERIC_SUFFIX,/glossary/mcp-block-storage,1,Legacy generated numeric suffix; requires semantic successor decision.
https://www.mcpserver.in/glossary/mcp-cache-layer-135,/glossary/mcp-cache-layer-135,/glossary,2026-08-03,False,True,True,1,0.0,1.0,0.0,11.0,,,,,,,UNRESOLVED,,,,,,GENERATED_NUMERIC_SUFFIX,/glossary/mcp-cache-layer,2,Legacy generated numeric suffix; requires semantic successor decision.
https://www.mcpserver.in/glossary/mcp-cache-layer-9,/glossary/mcp-cache-layer-9,/glossary,2026-08-03,True,True,False,1,0.0,0.0,0.0,0.0,,,,,,,UNRESOLVED,,,,,,GENERATED_NUMERIC_SUFFIX,/glossary/mcp-cache-layer,2,Legacy generated numeric suffix; requires semantic successor decision.
https://www.mcpserver.in/glossary/mcp-callback-handler-74,/glossary/mcp-callback-handler-74,/glossary,2026-08-03,True,True,False,1,0.0,0.0,0.0,0.0,,,,,,,UNRESOLVED,,,,,,GENERATED_NUMERIC_SUFFIX,/glossary/mcp-callback-handler,1,Legacy generated numeric suffix; requires semantic successor decision.
https://www.mcpserver.in/glossary/mcp-canary-deploy-40,/glossary/mcp-canary-deploy-40,/glossary,2026-08-03,True,True,False,1,0.0,0.0,0.0,0.0,,,,,,,UNRESOLVED,,,,,,GENERATED_NUMERIC_SUFFIX,/glossary/mcp-canary-deploy,1,Legacy generated numeric suffix; requires semantic successor decision.
https://www.mcpserver.in/glossary/mcp-cdn-service-4,/glossary/mcp-cdn-service-4,/glossary,2026-08-04,True,True,False,1,0.0,1.0,0.0,3.0,,,,,,,UNRESOLVED,,,,,,GENERATED_NUMERIC_SUFFIX,/glossary/mcp-cdn-service,1,Legacy generated numeric suffix; requires semantic successor decision.
https://www.mcpserver.in/glossary/mcp-certificate-manager-48,/glossary/mcp-certificate-manager-48,/glossary,2026-08-03,True,True,False,1,0.0,0.0,0.0,0.0,,,,,,,UNRESOLVED,,,,,,GENERATED_NUMERIC_SUFFIX,/glossary/mcp-certificate-manager,1,Legacy generated numeric suffix; requires semantic successor decision.
https://www.mcpserver.in/glossary/mcp-compliance-checker-104,/glossary/mcp-compliance-checker-104,/glossary,2026-08-03,True,True,False,1,0.0,0.0,0.0,0.0,,,,,,,UNRESOLVED,,,,,,GENERATED_NUMERIC_SUFFIX,/glossary/mcp-compliance-checker,1,Legacy generated numeric suffix; requires semantic successor decision.
https://www.mcpserver.in/glossary/mcp-config-map-46,/glossary/mcp-config-map-46,/glossary,2026-08-03,True,True,False,1,0.0,0.0,0.0,0.0,,,,,,,UNRESOLVED,,,,,,GENERATED_NUMERIC_SUFFIX,/glossary/mcp-config-map,1,Legacy generated numeric suffix; requires semantic successor decision.
https://www.mcpserver.in/glossary/mcp-container-registry-1,/glossary/mcp-container-registry-1,/glossary,2026-08-03,True,True,False,1,0.0,0.0,0.0,0.0,,,,,,,UNRESOLVED,,,,,,GENERATED_NUMERIC_SUFFIX,/glossary/mcp-container-registry,2,Legacy generated numeric suffix; requires semantic successor decision.
https://www.mcpserver.in/glossary/mcp-container-registry-127,/glossary/mcp-container-registry-127,/glossary,2026-07-21,False,True,True,1,0.0,0.0,0.0,0.0,,,,,,,UNRESOLVED,,,,,,GENERATED_NUMERIC_SUFFIX,/glossary/mcp-container-registry,2,Legacy generated numeric suffix; requires semantic successor decision.
https://www.mcpserver.in/glossary/mcp-data-migrator-60,/glossary/mcp-data-migrator-60,/glossary,2026-08-03,True,True,False,1,0.0,0.0,0.0,0.0,,,,,,,UNRESOLVED,,,,,,GENERATED_NUMERIC_SUFFIX,/glossary/mcp-data-migrator,1,Legacy generated numeric suffix; requires semantic successor decision.
https://www.mcpserver.in/glossary/mcp-data-pipeline-31,/glossary/mcp-data-pipeline-31,/glossary,2026-08-03,True,True,False,1,0.0,0.0,0.0,0.0,,,,,,,UNRESOLVED,,,,,,GENERATED_NUMERIC_SUFFIX,/glossary/mcp-data-pipeline,1,Legacy generated numeric suffix; requires semantic successor decision.
https://www.mcpserver.in/glossary/mcp-data-validator-117,/glossary/mcp-data-validator-117,/glossary,2026-08-03,True,True,False,1,0.0,0.0,0.0,0.0,,,,,,,UNRESOLVED,,,,,,GENERATED_NUMERIC_SUFFIX,/glossary/mcp-data-validator,1,Legacy generated numeric suffix; requires semantic successor decision.
https://www.mcpserver.in/glossary/mcp-database-service-23,/glossary/mcp-database-service-23,/glossary,2026-08-03,True,True,False,1,0.0,0.0,0.0,0.0,,,,,,,UNRESOLVED,,,,,,GENERATED_NUMERIC_SUFFIX,/glossary/mcp-database-service,1,Legacy generated numeric suffix; requires semantic successor decision.
https://www.mcpserver.in/glossary/mcp-decision-engine-111,/glossary/mcp-decision-engine-111,/glossary,2026-07-21,False,True,True,1,0.0,0.0,0.0,0.0,,,,,,,UNRESOLVED,,,,,,GENERATED_NUMERIC_SUFFIX,/glossary/mcp-decision-engine,1,Legacy generated numeric suffix; requires semantic successor decision.
https://www.mcpserver.in/glossary/mcp-dependency-check-107,/glossary/mcp-dependency-check-107,/glossary,2026-08-03,True,True,False,1,0.0,0.0,0.0,0.0,,,,,,,UNRESOLVED,,,,,,GENERATED_NUMERIC_SUFFIX,/glossary/mcp-dependency-check,1,Legacy generated numeric suffix; requires semantic successor decision.
https://www.mcpserver.in/glossary/mcp-disaster-recovery-57,/glossary/mcp-disaster-recovery-57,/glossary,2026-08-03,True,True,False,1,0.0,6.0,0.0,7.330000000000001,,,,,,,UNRESOLVED,,,,,,GENERATED_NUMERIC_SUFFIX,/glossary/mcp-disaster-recovery,1,Legacy generated numeric suffix; requires semantic successor decision.
https://www.mcpserver.in/glossary/mcp-dns-provider-3,/glossary/mcp-dns-provider-3,/glossary,2026-08-03,True,True,False,1,0.0,0.0,0.0,0.0,,,,,,,UNRESOLVED,,,,,,GENERATED_NUMERIC_SUFFIX,/glossary/mcp-dns-provider,1,Legacy generated numeric suffix; requires semantic successor decision.
https://www.mcpserver.in/glossary/mcp-email-service-70,/glossary/mcp-email-service-70,/glossary,2026-08-03,True,True,False,1,0.0,0.0,0.0,0.0,,,,,,,UNRESOLVED,,,,,,GENERATED_NUMERIC_SUFFIX,/glossary/mcp-email-service,1,Legacy generated numeric suffix; requires semantic successor decision.
https://www.mcpserver.in/glossary/mcp-event-bus-6,/glossary/mcp-event-bus-6,/glossary,2026-08-03,True,True,False,1,0.0,0.0,0.0,0.0,,,,,,,UNRESOLVED,,,,,,GENERATED_NUMERIC_SUFFIX,/glossary/mcp-event-bus,1,Legacy generated numeric suffix; requires semantic successor decision.
https://www.mcpserver.in/glossary/mcp-event-processor-63,/glossary/mcp-event-processor-63,/glossary,2026-08-03,True,True,False,1,0.0,0.0,0.0,0.0,,,,,,,UNRESOLVED,,,,,,GENERATED_NUMERIC_SUFFIX,/glossary/mcp-event-processor,1,Legacy generated numeric suffix; requires semantic successor decision.
https://www.mcpserver.in/glossary/mcp-experiment-tracker-37,/glossary/mcp-experiment-tracker-37,/glossary,2026-08-03,True,True,False,1,0.0,0.0,0.0,0.0,,,,,,,UNRESOLVED,,,,,,GENERATED_NUMERIC_SUFFIX,/glossary/mcp-experiment-tracker,1,Legacy generated numeric suffix; requires semantic successor decision.
https://www.mcpserver.in/glossary/mcp-file-storage-20,/glossary/mcp-file-storage-20,/glossary,2026-08-03,True,True,False,1,0.0,0.0,0.0,0.0,,,,,,,UNRESOLVED,,,,,,GENERATED_NUMERIC_SUFFIX,/glossary/mcp-file-storage,1,Legacy generated numeric suffix; requires semantic successor decision.
https://www.mcpserver.in/glossary/mcp-file-watcher-75,/glossary/mcp-file-watcher-75,/glossary,2026-07-21,True,True,False,1,0.0,0.0,0.0,0.0,,,,,,,UNRESOLVED,,,,,,GENERATED_NUMERIC_SUFFIX,/glossary/mcp-file-watcher,1,Legacy generated numeric suffix; requires semantic successor decision.
https://www.mcpserver.in/glossary/mcp-function-orchestrator-53,/glossary/mcp-function-orchestrator-53,/glossary,2026-08-03,True,True,False,1,0.0,0.0,0.0,0.0,,,,,,,UNRESOLVED,,,,,,GENERATED_NUMERIC_SUFFIX,/glossary/mcp-function-orchestrator,1,Legacy generated numeric suffix; requires semantic successor decision.
https://www.mcpserver.in/glossary/mcp-graph-database-27,/glossary/mcp-graph-database-27,/glossary,2026-08-03,True,True,False,1,0.0,0.0,0.0,0.0,,,,,,,UNRESOLVED,,,,,,GENERATED_NUMERIC_SUFFIX,/glossary/mcp-graph-database,1,Legacy generated numeric suffix; requires semantic successor decision.
https://www.mcpserver.in/glossary/mcp-graphql-gateway-79,/glossary/mcp-graphql-gateway-79,/glossary,2026-08-03,True,True,False,1,0.0,0.0,0.0,0.0,,,,,,,UNRESOLVED,,,,,,GENERATED_NUMERIC_SUFFIX,/glossary/mcp-graphql-gateway,1,Legacy generated numeric suffix; requires semantic successor decision.
https://www.mcpserver.in/glossary/mcp-health-check-43,/glossary/mcp-health-check-43,/glossary,2026-08-03,True,True,False,1,0.0,0.0,0.0,0.0,,,,,,,UNRESOLVED,,,,,,GENERATED_NUMERIC_SUFFIX,/glossary/mcp-health-check,1,Legacy generated numeric suffix; requires semantic successor decision.
https://www.mcpserver.in/glossary/mcp-http-cache-50,/glossary/mcp-http-cache-50,/glossary,2026-08-03,True,True,False,1,0.0,0.0,0.0,0.0,,,,,,,UNRESOLVED,,,,,,GENERATED_NUMERIC_SUFFIX,/glossary/mcp-http-cache,1,Legacy generated numeric suffix; requires semantic successor decision.
https://www.mcpserver.in/glossary/mcp-hyperparameter-tune-38,/glossary/mcp-hyperparameter-tune-38,/glossary,2026-08-03,True,True,False,1,0.0,0.0,0.0,0.0,,,,,,,UNRESOLVED,,,,,,GENERATED_NUMERIC_SUFFIX,/glossary/mcp-hyperparameter-tune,1,Legacy generated numeric suffix; requires semantic successor decision.
https://www.mcpserver.in/glossary/mcp-identity-service-145,/glossary/mcp-identity-service-145,/glossary,2026-08-03,False,True,True,1,0.0,0.0,0.0,0.0,,,,,,,UNRESOLVED,,,,,,GENERATED_NUMERIC_SUFFIX,/glossary/mcp-identity-service,2,Legacy generated numeric suffix; requires semantic successor decision.
https://www.mcpserver.in/glossary/mcp-identity-service-19,/glossary/mcp-identity-service-19,/glossary,2026-08-04,True,True,False,1,0.0,0.0,0.0,0.0,,,,,,,UNRESOLVED,,,,,,GENERATED_NUMERIC_SUFFIX,/glossary/mcp-identity-service,2,Legacy generated numeric suffix; requires semantic successor decision.
https://www.mcpserver.in/glossary/mcp-iso-27001,/glossary/mcp-iso-27001,/glossary,2026-07-21,True,True,False,1,0.0,0.0,0.0,0.0,,,,,,,KEEP_REVIEW,,,,,,SEMANTIC_NUMERIC_TERM,/glossary/mcp-iso-27001,1,Numeric token is part of the semantic term; do not strip automatically.
https://www.mcpserver.in/glossary/mcp-key-value-store-26,/glossary/mcp-key-value-store-26,/glossary,2026-08-03,True,True,False,1,0.0,0.0,0.0,0.0,,,,,,,UNRESOLVED,,,,,,GENERATED_NUMERIC_SUFFIX,/glossary/mcp-key-value-store,1,Legacy generated numeric suffix; requires semantic successor decision.
https://www.mcpserver.in/glossary/mcp-license-checker-108,/glossary/mcp-license-checker-108,/glossary,2026-08-03,True,True,False,1,0.0,0.0,0.0,0.0,,,,,,,UNRESOLVED,,,,,,GENERATED_NUMERIC_SUFFIX,/glossary/mcp-license-checker,1,Legacy generated numeric suffix; requires semantic successor decision.
https://www.mcpserver.in/glossary/mcp-liveness-probe-45,/glossary/mcp-liveness-probe-45,/glossary,2026-08-03,True,True,False,1,0.0,0.0,0.0,0.0,,,,,,,UNRESOLVED,,,,,,GENERATED_NUMERIC_SUFFIX,/glossary/mcp-liveness-probe,1,Legacy generated numeric suffix; requires semantic successor decision.
https://www.mcpserver.in/glossary/mcp-load-balancer-15,/glossary/mcp-load-balancer-15,/glossary,2026-08-03,True,True,False,1,0.0,0.0,0.0,0.0,,,,,,,UNRESOLVED,,,,,,GENERATED_NUMERIC_SUFFIX,/glossary/mcp-load-balancer,1,Legacy generated numeric suffix; requires semantic successor decision.
https://www.mcpserver.in/glossary/mcp-log-aggregator-65,/glossary/mcp-log-aggregator-65,/glossary,2026-08-03,True,True,False,1,0.0,0.0,0.0,0.0,,,,,,,UNRESOLVED,,,,,,GENERATED_NUMERIC_SUFFIX,/glossary/mcp-log-aggregator,1,Legacy generated numeric suffix; requires semantic successor decision.
https://www.mcpserver.in/glossary/mcp-log-rotation-99,/glossary/mcp-log-rotation-99,/glossary,2026-08-03,True,True,False,1,0.0,0.0,0.0,0.0,,,,,,,UNRESOLVED,,,,,,GENERATED_NUMERIC_SUFFIX,/glossary/mcp-log-rotation,1,Legacy generated numeric suffix; requires semantic successor decision.
https://www.mcpserver.in/glossary/mcp-logging-service-13,/glossary/mcp-logging-service-13,/glossary,2026-08-03,True,True,False,1,0.0,1.0,0.0,12.0,,,,,,,UNRESOLVED,,,,,,GENERATED_NUMERIC_SUFFIX,/glossary/mcp-logging-service,1,Legacy generated numeric suffix; requires semantic successor decision.
https://www.mcpserver.in/glossary/mcp-message-broker-5,/glossary/mcp-message-broker-5,/glossary,2026-08-03,True,True,False,1,0.0,0.0,0.0,0.0,,,,,,,UNRESOLVED,,,,,,GENERATED_NUMERIC_SUFFIX,/glossary/mcp-message-broker,1,Legacy generated numeric suffix; requires semantic successor decision.
https://www.mcpserver.in/glossary/mcp-message-router-62,/glossary/mcp-message-router-62,/glossary,2026-08-03,True,True,False,1,0.0,0.0,0.0,0.0,,,,,,,UNRESOLVED,,,,,,GENERATED_NUMERIC_SUFFIX,/glossary/mcp-message-router,1,Legacy generated numeric suffix; requires semantic successor decision.
https://www.mcpserver.in/glossary/mcp-metric-collector-66,/glossary/mcp-metric-collector-66,/glossary,2026-08-03,True,True,False,1,0.0,0.0,0.0,0.0,,,,,,,UNRESOLVED,,,,,,GENERATED_NUMERIC_SUFFIX,/glossary/mcp-metric-collector,1,Legacy generated numeric suffix; requires semantic successor decision.
https://www.mcpserver.in/glossary/mcp-metric-export-101,/glossary/mcp-metric-export-101,/glossary,2026-08-03,True,True,False,1,0.0,0.0,0.0,0.0,,,,,,,UNRESOLVED,,,,,,GENERATED_NUMERIC_SUFFIX,/glossary/mcp-metric-export,1,Legacy generated numeric suffix; requires semantic successor decision.
https://www.mcpserver.in/glossary/mcp-ml-model-serving-156,/glossary/mcp-ml-model-serving-156,/glossary,2026-07-21,False,True,True,1,0.0,0.0,0.0,0.0,,,,,,,UNRESOLVED,,,,,,GENERATED_NUMERIC_SUFFIX,/glossary/mcp-ml-model-serving,2,Legacy generated numeric suffix; requires semantic successor decision.
https://www.mcpserver.in/glossary/mcp-ml-model-serving-30,/glossary/mcp-ml-model-serving-30,/glossary,2026-08-03,True,True,False,1,0.0,0.0,0.0,0.0,,,,,,,UNRESOLVED,,,,,,GENERATED_NUMERIC_SUFFIX,/glossary/mcp-ml-model-serving,2,Legacy generated numeric suffix; requires semantic successor decision.
https://www.mcpserver.in/glossary/mcp-model-registry-162,/glossary/mcp-model-registry-162,/glossary,2026-08-03,False,True,True,1,0.0,5.0,0.0,67.8,,,,,,,UNRESOLVED,,,,,,GENERATED_NUMERIC_SUFFIX,/glossary/mcp-model-registry,1,Legacy generated numeric suffix; requires semantic successor decision.
https://www.mcpserver.in/glossary/mcp-monitoring-tool-12,/glossary/mcp-monitoring-tool-12,/glossary,2026-08-03,True,True,False,1,0.0,0.0,0.0,0.0,,,,,,,UNRESOLVED,,,,,,GENERATED_NUMERIC_SUFFIX,/glossary/mcp-monitoring-tool,1,Legacy generated numeric suffix; requires semantic successor decision.
https://www.mcpserver.in/glossary/mcp-nosql-db-24,/glossary/mcp-nosql-db-24,/glossary,2026-08-03,True,True,False,1,0.0,0.0,0.0,0.0,,,,,,,UNRESOLVED,,,,,,GENERATED_NUMERIC_SUFFIX,/glossary/mcp-nosql-db,1,Legacy generated numeric suffix; requires semantic successor decision.
https://www.mcpserver.in/glossary/mcp-notification-service-69,/glossary/mcp-notification-service-69,/glossary,2026-08-03,True,True,False,1,0.0,0.0,0.0,0.0,,,,,,,UNRESOLVED,,,,,,GENERATED_NUMERIC_SUFFIX,/glossary/mcp-notification-service,1,Legacy generated numeric suffix; requires semantic successor decision.
https://www.mcpserver.in/glossary/mcp-object-store-21,/glossary/mcp-object-store-21,/glossary,2026-08-03,True,True,False,1,0.0,0.0,0.0,0.0,,,,,,,UNRESOLVED,,,,,,GENERATED_NUMERIC_SUFFIX,/glossary/mcp-object-store,1,Legacy generated numeric suffix; requires semantic successor decision.
https://www.mcpserver.in/glossary/mcp-policy-engine-109,/glossary/mcp-policy-engine-109,/glossary,2026-08-03,True,True,False,1,0.0,0.0,0.0,0.0,,,,,,,UNRESOLVED,,,,,,GENERATED_NUMERIC_SUFFIX,/glossary/mcp-policy-engine,1,Legacy generated numeric suffix; requires semantic successor decision.
https://www.mcpserver.in/glossary/mcp-polling-service-88,/glossary/mcp-polling-service-88,/glossary,2026-08-03,True,True,False,1,0.0,0.0,0.0,0.0,,,,,,,UNRESOLVED,,,,,,GENERATED_NUMERIC_SUFFIX,/glossary/mcp-polling-service,1,Legacy generated numeric suffix; requires semantic successor decision.
https://www.mcpserver.in/glossary/mcp-process-monitor-97,/glossary/mcp-process-monitor-97,/glossary,2026-08-03,True,True,False,1,0.0,0.0,0.0,0.0,,,,,,,UNRESOLVED,,,,,,GENERATED_NUMERIC_SUFFIX,/glossary/mcp-process-monitor,1,Legacy generated numeric suffix; requires semantic successor decision.
https://www.mcpserver.in/glossary/mcp-process-restart-98,/glossary/mcp-process-restart-98,/glossary,2026-08-03,True,True,False,1,0.0,0.0,0.0,0.0,,,,,,,UNRESOLVED,,,,,,GENERATED_NUMERIC_SUFFIX,/glossary/mcp-process-restart,1,Legacy generated numeric suffix; requires semantic successor decision.
https://www.mcpserver.in/glossary/mcp-pubsub-system-90,/glossary/mcp-pubsub-system-90,/glossary,2026-08-03,True,True,False,1,0.0,0.0,0.0,0.0,,,,,,,UNRESOLVED,,,,,,GENERATED_NUMERIC_SUFFIX,/glossary/mcp-pubsub-system,1,Legacy generated numeric suffix; requires semantic successor decision.
https://www.mcpserver.in/glossary/mcp-push-notification-72,/glossary/mcp-push-notification-72,/glossary,2026-08-03,True,True,False,1,0.0,0.0,0.0,0.0,,,,,,,UNRESOLVED,,,,,,GENERATED_NUMERIC_SUFFIX,/glossary/mcp-push-notification,1,Legacy generated numeric suffix; requires semantic successor decision.
https://www.mcpserver.in/glossary/mcp-range-validator-121,/glossary/mcp-range-validator-121,/glossary,2026-07-21,False,True,True,1,0.0,0.0,0.0,0.0,,,,,,,UNRESOLVED,,,,,,GENERATED_NUMERIC_SUFFIX,/glossary/mcp-range-validator,1,Legacy generated numeric suffix; requires semantic successor decision.
https://www.mcpserver.in/glossary/mcp-readiness-probe-44,/glossary/mcp-readiness-probe-44,/glossary,2026-08-03,True,True,False,1,0.0,0.0,0.0,0.0,,,,,,,UNRESOLVED,,,,,,GENERATED_NUMERIC_SUFFIX,/glossary/mcp-readiness-probe,1,Legacy generated numeric suffix; requires semantic successor decision.
https://www.mcpserver.in/glossary/mcp-replication-service-58,/glossary/mcp-replication-service-58,/glossary,2026-08-02,True,True,True,2,0.0,0.0,0.0,0.0,,,,,,,UNRESOLVED,,,,,,GENERATED_NUMERIC_SUFFIX,/glossary/mcp-replication-service,1,Legacy generated numeric suffix; requires semantic successor decision.
https://www.mcpserver.in/glossary/mcp-rule-engine-110,/glossary/mcp-rule-engine-110,/glossary,2026-08-03,True,True,False,1,0.0,0.0,0.0,0.0,,,,,,,UNRESOLVED,,,,,,GENERATED_NUMERIC_SUFFIX,/glossary/mcp-rule-engine,1,Legacy generated numeric suffix; requires semantic successor decision.
https://www.mcpserver.in/glossary/mcp-schema-registry-61,/glossary/mcp-schema-registry-61,/glossary,2026-08-04,True,True,False,1,0.0,0.0,0.0,0.0,,,,,,,UNRESOLVED,,,,,,GENERATED_NUMERIC_SUFFIX,/glossary/mcp-schema-registry,1,Legacy generated numeric suffix; requires semantic successor decision.
https://www.mcpserver.in/glossary/mcp-schema-validator-118,/glossary/mcp-schema-validator-118,/glossary,2026-08-03,True,True,False,1,0.0,0.0,0.0,0.0,,,,,,,UNRESOLVED,,,,,,GENERATED_NUMERIC_SUFFIX,/glossary/mcp-schema-validator,1,Legacy generated numeric suffix; requires semantic successor decision.
https://www.mcpserver.in/glossary/mcp-search-engine-10,/glossary/mcp-search-engine-10,/glossary,2026-08-03,True,True,False,1,0.0,0.0,0.0,0.0,,,,,,,UNRESOLVED,,,,,,GENERATED_NUMERIC_SUFFIX,/glossary/mcp-search-engine,2,Legacy generated numeric suffix; requires semantic successor decision.
https://www.mcpserver.in/glossary/mcp-search-engine-136,/glossary/mcp-search-engine-136,/glossary,2026-07-21,False,True,True,1,0.0,0.0,0.0,0.0,,,,,,,UNRESOLVED,,,,,,GENERATED_NUMERIC_SUFFIX,/glossary/mcp-search-engine,2,Legacy generated numeric suffix; requires semantic successor decision.
https://www.mcpserver.in/glossary/mcp-secret-management-2,/glossary/mcp-secret-management-2,/glossary,2026-07-21,True,True,False,1,0.0,0.0,0.0,0.0,,,,,,,UNRESOLVED,,,,,,GENERATED_NUMERIC_SUFFIX,/glossary/mcp-secret-management,1,Legacy generated numeric suffix; requires semantic successor decision.
https://www.mcpserver.in/glossary/mcp-security-scanner-105,/glossary/mcp-security-scanner-105,/glossary,2026-08-03,True,True,False,1,0.0,0.0,0.0,0.0,,,,,,,UNRESOLVED,,,,,,GENERATED_NUMERIC_SUFFIX,/glossary/mcp-security-scanner,1,Legacy generated numeric suffix; requires semantic successor decision.
https://www.mcpserver.in/glossary/mcp-serverless-func-52,/glossary/mcp-serverless-func-52,/glossary,2026-08-03,True,True,False,1,0.0,0.0,0.0,0.0,,,,,,,UNRESOLVED,,,,,,GENERATED_NUMERIC_SUFFIX,/glossary/mcp-serverless-func,1,Legacy generated numeric suffix; requires semantic successor decision.
https://www.mcpserver.in/glossary/mcp-sms-gateway-71,/glossary/mcp-sms-gateway-71,/glossary,2026-08-03,True,True,False,1,0.0,0.0,0.0,0.0,,,,,,,UNRESOLVED,,,,,,GENERATED_NUMERIC_SUFFIX,/glossary/mcp-sms-gateway,1,Legacy generated numeric suffix; requires semantic successor decision.
https://www.mcpserver.in/glossary/mcp-soc-2,/glossary/mcp-soc-2,/glossary,2026-08-01,True,True,False,1,0.0,0.0,0.0,0.0,,,,,,,KEEP_REVIEW,,,,,,SEMANTIC_NUMERIC_TERM,/glossary/mcp-soc-2,1,Numeric token is part of the semantic term; do not strip automatically.
https://www.mcpserver.in/glossary/mcp-socket-adapter-87,/glossary/mcp-socket-adapter-87,/glossary,2026-08-03,True,True,False,1,0.0,0.0,0.0,0.0,,,,,,,UNRESOLVED,,,,,,GENERATED_NUMERIC_SUFFIX,/glossary/mcp-socket-adapter,1,Legacy generated numeric suffix; requires semantic successor decision.
https://www.mcpserver.in/glossary/mcp-sse-gateway-85,/glossary/mcp-sse-gateway-85,/glossary,2026-08-03,True,True,False,1,0.0,0.0,0.0,0.0,,,,,,,UNRESOLVED,,,,,,GENERATED_NUMERIC_SUFFIX,/glossary/mcp-sse-gateway,1,Legacy generated numeric suffix; requires semantic successor decision.
https://www.mcpserver.in/glossary/mcp-ssl-terminator-49,/glossary/mcp-ssl-terminator-49,/glossary,2026-08-03,True,True,False,1,0.0,0.0,0.0,0.0,,,,,,,UNRESOLVED,,,,,,GENERATED_NUMERIC_SUFFIX,/glossary/mcp-ssl-terminator,1,Legacy generated numeric suffix; requires semantic successor decision.
https://www.mcpserver.in/glossary/mcp-stream-aggregator-64,/glossary/mcp-stream-aggregator-64,/glossary,2026-07-26,True,True,True,2,0.0,0.0,0.0,0.0,,,,,,,UNRESOLVED,,,,,,GENERATED_NUMERIC_SUFFIX,/glossary/mcp-stream-aggregator,1,Legacy generated numeric suffix; requires semantic successor decision.
https://www.mcpserver.in/glossary/mcp-stream-processing-159,/glossary/mcp-stream-processing-159,/glossary,2026-07-21,False,True,True,1,0.0,0.0,0.0,0.0,,,,,,,UNRESOLVED,,,,,,GENERATED_NUMERIC_SUFFIX,/glossary/mcp-stream-processing,2,Legacy generated numeric suffix; requires semantic successor decision.
https://www.mcpserver.in/glossary/mcp-stream-processing-33,/glossary/mcp-stream-processing-33,/glossary,2026-08-03,True,True,False,1,0.0,0.0,0.0,0.0,,,,,,,UNRESOLVED,,,,,,GENERATED_NUMERIC_SUFFIX,/glossary/mcp-stream-processing,2,Legacy generated numeric suffix; requires semantic successor decision.
https://www.mcpserver.in/glossary/mcp-subscription-manager-89,/glossary/mcp-subscription-manager-89,/glossary,2026-07-21,True,True,False,1,0.0,0.0,0.0,0.0,,,,,,,UNRESOLVED,,,,,,GENERATED_NUMERIC_SUFFIX,/glossary/mcp-subscription-manager,1,Legacy generated numeric suffix; requires semantic successor decision.
https://www.mcpserver.in/glossary/mcp-sync-engine-59,/glossary/mcp-sync-engine-59,/glossary,2026-08-03,True,True,False,1,0.0,0.0,0.0,0.0,,,,,,,UNRESOLVED,,,,,,GENERATED_NUMERIC_SUFFIX,/glossary/mcp-sync-engine,1,Legacy generated numeric suffix; requires semantic successor decision.
https://www.mcpserver.in/glossary/mcp-task-queue-7,/glossary/mcp-task-queue-7,/glossary,2026-08-03,True,True,False,1,0.0,0.0,0.0,0.0,,,,,,,UNRESOLVED,,,,,,GENERATED_NUMERIC_SUFFIX,/glossary/mcp-task-queue,1,Legacy generated numeric suffix; requires semantic successor decision.
https://www.mcpserver.in/glossary/mcp-task-runner-93,/glossary/mcp-task-runner-93,/glossary,2026-08-03,True,True,False,1,0.0,1.0,0.0,4.0,,,,,,,UNRESOLVED,,,,,,GENERATED_NUMERIC_SUFFIX,/glossary/mcp-task-runner,1,Legacy generated numeric suffix; requires semantic successor decision.
https://www.mcpserver.in/glossary/mcp-thread-pool-95,/glossary/mcp-thread-pool-95,/glossary,2026-08-03,True,True,False,1,0.0,0.0,0.0,0.0,,,,,,,UNRESOLVED,,,,,,GENERATED_NUMERIC_SUFFIX,/glossary/mcp-thread-pool,1,Legacy generated numeric suffix; requires semantic successor decision.
https://www.mcpserver.in/glossary/mcp-trace-collector-67,/glossary/mcp-trace-collector-67,/glossary,2026-08-03,True,True,False,1,0.0,0.0,0.0,0.0,,,,,,,UNRESOLVED,,,,,,GENERATED_NUMERIC_SUFFIX,/glossary/mcp-trace-collector,1,Legacy generated numeric suffix; requires semantic successor decision.
https://www.mcpserver.in/glossary/mcp-trace-export-102,/glossary/mcp-trace-export-102,/glossary,2026-08-03,True,True,False,1,0.0,0.0,0.0,0.0,,,,,,,UNRESOLVED,,,,,,GENERATED_NUMERIC_SUFFIX,/glossary/mcp-trace-export,1,Legacy generated numeric suffix; requires semantic successor decision.
https://www.mcpserver.in/glossary/mcp-traffic-manager-16,/glossary/mcp-traffic-manager-16,/glossary,2026-08-03,True,True,False,1,0.0,0.0,0.0,0.0,,,,,,,UNRESOLVED,,,,,,GENERATED_NUMERIC_SUFFIX,/glossary/mcp-traffic-manager,1,Legacy generated numeric suffix; requires semantic successor decision.
https://www.mcpserver.in/glossary/mcp-udp-proxy-83,/glossary/mcp-udp-proxy-83,/glossary,2026-07-21,True,True,False,1,0.0,0.0,0.0,0.0,,,,,,,UNRESOLVED,,,,,,GENERATED_NUMERIC_SUFFIX,/glossary/mcp-udp-proxy,1,Legacy generated numeric suffix; requires semantic successor decision.
https://www.mcpserver.in/glossary/mcp-vector-store-29,/glossary/mcp-vector-store-29,/glossary,2026-08-03,True,True,False,1,0.0,0.0,0.0,0.0,,,,,,,UNRESOLVED,,,,,,GENERATED_NUMERIC_SUFFIX,/glossary/mcp-vector-store,1,Legacy generated numeric suffix; requires semantic successor decision.
https://www.mcpserver.in/glossary/mcp-vulnerability-scan-106,/glossary/mcp-vulnerability-scan-106,/glossary,2026-08-03,True,True,False,1,0.0,0.0,0.0,0.0,,,,,,,UNRESOLVED,,,,,,GENERATED_NUMERIC_SUFFIX,/glossary/mcp-vulnerability-scan,1,Legacy generated numeric suffix; requires semantic successor decision.
https://www.mcpserver.in/glossary/mcp-web-scraper-77,/glossary/mcp-web-scraper-77,/glossary,2026-08-03,True,True,False,1,0.0,0.0,0.0,0.0,,,,,,,UNRESOLVED,,,,,,GENERATED_NUMERIC_SUFFIX,/glossary/mcp-web-scraper,1,Legacy generated numeric suffix; requires semantic successor decision.
https://www.mcpserver.in/glossary/mcp-webhook-receiver-73,/glossary/mcp-webhook-receiver-73,/glossary,2026-08-03,True,True,False,1,0.0,1.0,0.0,4.0,,,,,,,UNRESOLVED,,,,,,GENERATED_NUMERIC_SUFFIX,/glossary/mcp-webhook-receiver,1,Legacy generated numeric suffix; requires semantic successor decision.
https://www.mcpserver.in/glossary/mcp-websocket-server-86,/glossary/mcp-websocket-server-86,/glossary,2026-08-03,True,True,False,1,0.0,0.0,0.0,0.0,,,,,,,UNRESOLVED,,,,,,GENERATED_NUMERIC_SUFFIX,/glossary/mcp-websocket-server,1,Legacy generated numeric suffix; requires semantic successor decision.
https://www.mcpserver.in/glossary/mcp-worker-pool-94,/glossary/mcp-worker-pool-94,/glossary,2026-08-03,True,True,False,1,0.0,0.0,0.0,0.0,,,,,,,UNRESOLVED,,,,,,GENERATED_NUMERIC_SUFFIX,/glossary/mcp-worker-pool,1,Legacy generated numeric suffix; requires semantic successor decision.
https://www.mcpserver.in/glossary/mcp-workflow-engine-8,/glossary/mcp-workflow-engine-8,/glossary,2026-08-03,True,True,False,1,0.0,0.0,0.0,0.0,,,,,,,UNRESOLVED,,,,,,GENERATED_NUMERIC_SUFFIX,/glossary/mcp-workflow-engine,1,Legacy generated numeric suffix; requires semantic successor decision.
